theater_id,theater_name,address
1,AMC Theater,412 Harbort Point
2,Regal Cinemas,5580 Almo Street
3,Avamm,552 Evergreen Point
4,Starlight Theater,2938 Johnson Terrace
5,Wordware,2579 Schiller Junction
6,Crystal Lake Theater,5656 Monterey Point
7,Flashdog,2793 Claremont Center
8,Thoughtsphere,8 Trailsway Road
9,Bubblebox,09 Pepper Wood Circle
10,Elysium Performing Arts,2 Fordem Drive
11,Enchanted Theater,5 Oxford Drive
12,Dabtype,51 Coolidge Avenue
13,Gabcube,7387 Red Cloud Parkway
14,The Velvet Curtain,7 Carey Park
15,Blue Sky Playhouse,7 Everett Plaza
16,Whispering Pines Theater,46 Dixon Center
17,Minyx,25 Veith Point
18,Riffpath,1008 Armistice Circle
19,Theater of Dreams,2 Namekagon Lane
20,Golden Gate Playhouse,12 Harbort Circle
21,Skaboo,05435 Harbort Junction
22,Jamia,0766 Florence Trail
23,Blogspan,9 Eggendart Circle
24,The Renaissance Theater,7 Fulton Parkway
25,Edgeify,5 Darwin Avenue
26,Kazio,02724 Northview Junction
27,Blogpad,59 Shopko Crossing
28,Bubbletube,9154 3rd Hill
29,Rhycero,851 Hanover Parkway
30,Timeless Theater,9 Duke Park
31,Flipstorm,197 Red Cloud Avenue
32,Skiba,85 Portage Terrace
33,Wordtune,76 Novick Place
34,Blogpad,64625 Elgar Avenue
35,Jabbersphere,763 Clyde Gallagher Drive
36,Chatterpoint,921 Havey Lane
37,Camido,501 Jana Court
38,The Cosmic Stage,07 Rutledge Place
39,Tekfly,7084 Lyons Terrace
40,Photospace,095 Superior Junction
41,Shuffletag,8 Buhler Trail
42,Feedmix,224 Parkside Road
43,Dynabox,9774 Lakewood Lane
44,Feedspan,69 Bay Way
45,Voonix,1341 Esch Road
46,Aimbu,4026 Jay Way
47,Quinu,6 Parkside Center
48,Aspen Grove Theater,6601 Loftsgordon Parkway
49,Meevee,31278 Everett Junction
50,Tagfeed,1 Mariners Cove Plaza
51,Voomm,2 Fair Oaks Lane
52,Gigashots Theater,04162 Bunting Alley
53,Yakidoo,80 Old Gate Terrace
54,Browsecat,46 Union Road
55,Skinder,56116 Muir Circle
56,Linkbridge Industries,84 Monterey Street
57,Divanoodle,26 International Circle
58,QuartzZenter,5 Myrtle Terrace
59,Mydo,58835 Sycamore Place
60,Mita,21 Lakewood Hill
61,Skyble,58583 Lighthouse Bay Junction
62,Bubblebox,943 Crowley Hill
63,Kazu,5 Village Way
64,Eire,7348 Northfield Drive
65,Tagopia,035 Hallows Avenue
66,Quamba,328 Mandrake Junction
67,The Emerald Stage,57502 Sachs Point
68,Jaxbean,9491 Buena Vista Park
69,Flashspan,89 John Wall Trail
70,Youbridge,85812 Westport Road
71,Centidel,83548 Dakota Place
72,Meejo,4290 Claremont Street
73,Skipfire,20298 Hauk Pass
74,Radiance Theater,594 Steensland Terrace
75,Kazio,87 Sundown Street
76,Cogibox,74534 Troy Terrace
77,Leenti,967 Weeping Birch Crossing
78,Trilith,16604 Swallow Avenue
79,Crescent Moon Theater,6 Stuart Crossing
80,Harmony Hall,9075 Transport Crossing
81,Majestic Arts Center,8 Algoma Junction
82,Trilia,747 Graceland Terrace
83,The Silver Screen Cinema,18055 Mockingbird Lane
84,Grandview Playhouse,6388 Corben Way
